UserID,FirstName,LastName,PhoneNumber
U001,Reese,Yoder,863-633-0001
U002,Colin,House,863-633-0002
U003,Johan,Berger,863-633-0003
U004,Laylah,Rojas,863-633-0004
U005,Whitney,Logan,863-633-0005
U006,Jorge,Medina,863-633-0006
U007,Caden,Vance,863-633-0007
U008,Elliana,Bell,863-633-0008
U009,Travis,Russo,863-633-0009
U010,Brixton,Walters,863-633-0010
U011,Zora,Bradford,863-633-0011
U012,Ander,McPherson,863-633-0012
U013,Samara,Garrison,863-633-0013
U014,Noor,Gregory,863-633-0014
U015,Tiana,Perkins,863-633-0015
U016,Cole,Pham,863-633-0016
U017,Cain,Montoya,863-633-0017
U018,Sullivan,Franco,863-633-0018
U019,Derek,Walton,863-633-0019
U020,Gage,Roy,863-633-0020
U021,Rocco,Luna,863-633-0021
U022,Kyrie,Salinas,863-633-0022
U023,Ellis,Odom,863-633-0023
U024,Journey,Li,863-633-0024
U025,Stella,Rosario,863-633-0025
U026,Kevin,Lim,863-633-0026
U027,Lucy,Moss,863-633-0027
U028,Aila,Davenport,863-633-0028
U029,Kace,Carter,863-633-0029
U030,Conner,Brock,863-633-0030
U031,Lucilie,Bates,863-633-0031
U032,Kasen,Frederick,863-633-0032
U033,Lily,Calhoun,863-633-0033
U034,Dariel,Ray,863-633-0034
U035,Asher,Cobb,863-633-0035
U036,Donovan,Hurst,863-633-0036
U037,Zayd,Lugo,863-633-0037
U038,Adriel,Beil,863-633-0038
U039,Leland,Rios,863-633-0039
U040,Ximena,Huang,863-633-0040
U041,Elliot,Cline,863-633-0041
U042,Esme,Wells,863-633-0042
U043,Ira,Herman,863-633-0043
U044,Chase,Reid,863-633-0044
U045,Zander,Smith,863-633-0045
U046,Jessie,Pacheco,863-633-0046
U047,Allie,Costa,863-633-0047
U048,Isral,Yang,863-633-0048
U049,Zyair,Glass,863-633-0049
U050,Jay,Hawkins,863-633-0050
U051,Astrid,Stanton,863-633-0051
U052,Gatlin,Lugo,863-633-0052
U053,Summer,Berg,863-633-0053
U054,Cash,Lamb,863-633-0054
U055,Jayson,McClain,863-633-0055
U056,Lilliana,Ross,863-633-0056
U057,Tate,Giles,863-633-0057
U058,Donald,Barrett,863-633-0058
U059,Rafael,Schwartz,863-633-0059
U060,Rylee,Kramer,863-633-0060
U061,Cayson,Burch,863-633-0061
U062,Angelina,Cox,863-633-0062
U063,Stevie,Fletcher,863-633-0063
U064,Ismael,Roman,863-633-0064
U065,Emily,Lindsey,863-633-0065
U066,Fisher,Blackwell,863-633-0066
U067,Cameron,Crosby,863-633-0067
U068,Meredith,Macdonald,863-633-0068
U069,Saoirse,Branch,863-633-0069
U070,Eva,Arias,863-633-0070
U071,Remi,Kent,863-633-0071
U072,Zayne,West,863-633-0072
U073,Darius,Davenport,863-633-0073
U074,Henry,Escobar,863-633-0074
U075,Leanna,Moss,863-633-0075
U076,Natasha,Ford,863-633-0076
U077,Milan,Dennis,863-633-0077
U078,Porter,Cole,863-633-0078
U079,Kylen,Hood,863-633-0079
U080,Maren,Flowers,863-633-0080
U081,Sophie,Vo,863-633-0081
U082,Dilan,Frye,863-633-0082
U083,Kingsley,Carter,863-633-0083
U084,Adonis,Osborne,863-633-0084
U085,Tatum,Small,863-633-0085
U086,Virginia,Knight,863-633-0086
U087,Kole,Howard,863-633-0087
U088,Parker,McClain,863-633-0088
U089,Bryce,Hammond,863-633-0089
U090,Chaim,Casey,863-633-0090
U091,Raya,Giles,863-633-0091
U092,Stormi,Andrews,863-633-0092
U093,Eden,Barrett,863-633-0093
U094,Eliseo,Charles,863-633-0094
U095,Marleigh,Ahmed,863-633-0095
U096,Jaylen,Velasquez,863-633-0096
U097,Kimber,Maxwell,863-633-0097
U098,Alondra,Patel,863-633-0098
U099,Jenna,Hodge,863-633-0099
U100,Lukas,Callahan,863-633-0100
